Party,Sector,1990,1991,1992,1993,1994,1995,1996,1997,1998,1999,2000,2001,2002,2003,2004,2005,2006,2007,2008,2009,2010,2011,2012,2013,2014,2015,2016,2017,2018,2019,2020,2021
Australia,"1.A.2.d  Pulp, Paper and Print",1289.606258,1153.698414,1170.321196,1356.462445,1295.461253,1328.18122,1299.343637,1376.484829,1284.231681,1476.841681,1448.962873,1463.622873,1463.622873,1500.222926,1616.610519,1766.32637,1770.959154,1707.817951,1652.902353,1323.431798,1286.223476,1126.035124,1018.411973,1089.367023,957.395193,958.2991386,936.2534217,950.2669622,998.3059937,974.8964209,971.5559976,
Australia,"1.A.2.e  Food Processing, Beverages and Tobacco",2895.946007,3005.066007,3001.160342,2982.926301,3109.360138,3214.908016,3200.994905,3144.093714,3124.72444,3062.397289,3079.405632,2480.746097,2489.601591,3258.2317,2965.391728,3394.254176,3309.006745,2999.019355,3061.862423,3085.256348,2999.524614,3157.991351,3007.292617,2873.593021,2835.192832,2768.067984,2727.869438,2548.749969,2523.246517,2531.536606,2506.485605,
Australia,2.H.2  Food and Beverages Industry,82.57303465,85.06805102,87.56306739,90.05808376,92.55310013,138.8481165,139.1568296,142.5888331,140.4613798,142.7929579,145.1245359,147.456114,149.787692,151.8591729,165.0063508,167.4687071,160.4940905,148.2858442,163.3798398,161.4089091,231.452869,261.5775183,218.0059828,240.3683346,201.6987728,215.7320756,272.8343345,213.3027035,218.8972662,218.9946352,213.5465096,
Austria,"1.A.2.d  Pulp, Paper and Print",2208.077629,2669.63704,2159.252616,2016.433545,2545.679775,2300.871965,2392.238646,2818.099455,2631.486152,2342.160288,2379.040203,2248.833814,2255.882973,2430.801966,2287.900335,2292.640902,2194.714594,2185.609113,2190.950627,2195.054612,2311.754297,2264.058656,2022.868653,1898.560324,1741.352369,1828.693656,1773.962648,1775.843636,1882.978787,1970.343283,1800.025837,1811.213368
Austria,"1.A.2.e  Food Processing, Beverages and Tobacco",869.7703019,932.9828795,853.8613149,885.6002112,916.2651405,931.3643565,887.4269776,1041.370089,942.5245871,831.1342993,882.3546595,925.9793631,1100.404525,944.3421173,947.4042524,959.7303513,934.4713921,886.9061912,877.593007,908.1956326,965.6560646,962.1831407,942.2145105,826.9650578,922.2076896,979.6728961,815.7571405,803.0437289,769.1996283,759.4837092,789.5702198,794.4028147
Austria,2.H.1  Pulp and Paper,NA,NA,NA,NA,NA,NA,NA,NA,NA,NA,NA,NA,NA,NA,NA,NA,NA,NA,NA,NA,NA,NA,NA,NA,NA,NA,NA,NA,NA,NA,NA,NA
Belarus,"1.A.2.d  Pulp, Paper and Print",75.753029,78.906334,48.803417,36.677354,67.5479335,83.6789485,36.4990685,44.2547965,84.662329,85.094564,37.3043165,68.804275,52.299749,47.0908165,53.4353315,59.5009095,56.643674,52.101062,42.458902,10.550442,10.550442,10.550442,"NO,IE","NO,IE","NO,IE","NO,IE","NO,IE","NO,IE","NO,IE","NO,IE","NO,IE","NO,IE"
Belarus,"1.A.2.e  Food Processing, Beverages and Tobacco",605.527263,604.584716,395.254099,319.0186145,198.3268145,91.5164265,90.29755,45.018388,161.0257365,151.294274,108.3002615,94.1080055,113.2311725,102.406464,125.160306,127.192131,129.348781,140.6668855,168.3716735,209.2908675,275.8933855,300.891798,273.6959043,321.3392425,277.4527165,267.7223365,288.636595,254.8892395,268.172461,271.363671,262.037273,253.046351
Belarus,2.H.1  Pulp and Paper,NO,NO,NO,NO,NO,NO,NO,NO,NO,NO,NO,NO,NO,NO,NO,NO,NO,NO,NO,NO,NO,NO,NO,NO,NO,NO,NO,NO,NO,NO,NO,NO
Belarus,2.H.2  Food and Beverages Industry,NO,NO,NO,NO,NO,NE,NE,NE,NE,NE,NE,NE,NE,NE,NE,NE,NE,NE,NE,NE,NE,NE,NE,NE,NE,NE,NE,NE,NE,NE,NE,NE
Belgium,"1.A.2.d  Pulp, Paper and Print",643.9197663,694.52532,735.64019,672.02444,715.8635611,759.4105998,726.5885772,707.125793,751.1550356,703.5650977,737.1119489,737.3384575,762.1228785,666.7455099,613.1853653,625.3737663,657.526778,548.7943739,519.2727679,484.5131994,637.0470809,535.8555822,537.3289521,531.5326755,580.1708301,612.9939013,608.9432162,560.5552347,511.3058289,531.9457277,549.430902,562.9761322
Belgium,"1.A.2.e  Food Processing, Beverages and Tobacco",3023.47131,3316.91987,3174.89196,3392.84582,2754.677028,2850.23731,2571.376499,2242.088569,2486.059732,2180.377337,2136.31161,2209.488913,2471.719788,2318.178857,2350.002958,2201.463523,2029.010321,1981.252455,2064.012637,1887.153426,2237.22721,2065.673216,2091.004544,2191.379692,2257.353725,2199.889574,2206.64406,2284.034234,2419.009404,2478.261675,2295.379304,2463.215
Belgium,2.H.1  Pulp and Paper,NO,NO,NO,NO,NO,NO,NO,NO,NO,NO,NO,NO,NO,7.452,14.857,12.363,16.462,10.181,25.991,22.327,28.696,21.737,23.185,20.60187,25.96314,22.01826,20.61067,20.17496,24.41256,22.8754,19.36417,19.70732
Belgium,2.H.2  Food and Beverages Industry,IE,IE,IE,IE,IE,IE,IE,IE,IE,IE,IE,IE,IE,IE,IE,IE,IE,IE,IE,IE,IE,IE,IE,IE,IE,IE,IE,IE,IE,IE,IE,IE
Bulgaria,"1.A.2.d  Pulp, Paper and Print",15.55686,99.14886,61.99686,9.945472955,8.951793778,15.39221357,18.73663337,283.0611266,278.6011715,196.367326,192.069117,138.7854249,364.1916793,279.0597728,219.3476886,221.2171842,163.4554018,199.5770755,166.1353898,86.6114283,102.6882765,112.4782047,107.7832738,122.9744029,113.3064694,111.1716612,117.0111205,105.6170586,106.7801019,102.1942722,94.62631052,110.2500678
Bulgaria,"1.A.2.e  Food Processing, Beverages and Tobacco",453.5880471,334.4370885,329.9962943,214.7890754,161.257409,154.7972919,130.7036713,737.890163,693.7210675,686.7717473,668.0748307,568.3769674,558.4318859,497.3024412,499.7159246,476.1210992,506.0004067,496.5448728,433.7287661,373.7170757,354.3046509,318.4137441,289.7856176,289.2792097,256.3979648,259.1929337,239.9018229,240.1863718,238.4167301,228.0332065,222.8766848,318.0116946
Bulgaria,2.H.1  Pulp and Paper,NA,NA,NA,NA,NA,NA,NA,NA,NA,NA,NA,NA,NA,NA,NA,NA,NA,NA,NA,NA,NA,NA,NA,NA,NA,NA,NA,NA,NA,NA,NA,NA
Bulgaria,2.H.2  Food and Beverages Industry,NA,NA,NA,NA,NA,NA,NA,NA,NA,NA,NA,NA,NA,NA,NA,NA,NA,NA,NA,NA,NA,NA,NA,NA,NA,NA,NA,NA,NA,NA,NA,NA
Canada,"1.A.2.d  Pulp, Paper and Print",14232.91059,13781.5981,12719.8696,12715.09822,12588.00726,12549.04172,13114.59393,12910.39559,11836.89019,12199.23503,12220.87728,11297.75725,10610.38551,10031.86988,9786.502372,8271.021059,7108.776423,7387.665397,5964.890953,6087.305427,5669.932747,5930.099761,5734.790887,5966.984719,5853.868415,5758.439754,5793.315499,6188.103945,6861.334165,6964.966412,6307.089071,6659.610485
Canada,"1.A.2.e  Food Processing, Beverages and Tobacco","NO,IE","NO,IE","NO,IE","NO,IE","NO,IE","NO,IE","NO,IE","NO,IE","NO,IE","NO,IE","NO,IE","NO,IE","NO,IE","NO,IE","NO,IE","NO,IE","NO,IE","NO,IE","NO,IE","NO,IE","NO,IE","NO,IE","NO,IE","NO,IE","NO,IE","NO,IE","NO,IE","NO,IE","NO,IE","NO,IE","NO,IE","NO,IE"
Croatia,"1.A.2.d  Pulp, Paper and Print",303.296352,200.5633194,198.1562991,200.2037419,248.5062864,183.6589464,152.0929236,161.6610195,138.0565821,146.9509527,153.3690243,173.1866451,155.320935,161.9803125,172.348611,174.3986062,181.6407784,171.5764958,153.5933322,148.2794466,161.393184,148.2052896,126.1435128,113.3654123,71.3835051,70.0448031,105.4955151,96.6099687,92.9385516,110.622618,115.4129364,121.3798407
Croatia,"1.A.2.e  Food Processing, Beverages and Tobacco",729.4126979,546.2087914,438.981867,440.8544245,464.1950684,578.3557971,570.9953753,612.9101339,610.9978978,581.1647237,431.2958792,505.5605347,561.0719273,520.4493236,527.4371287,592.6085163,591.3275345,548.1036453,641.7923567,492.0629628,514.0760772,495.8153535,429.7562889,388.0115315,399.5778336,350.7136049,376.6473943,358.3835901,334.0778372,335.6773905,294.7131929,242.0253624
Croatia,2.H.1  Pulp and Paper,NA,NA,NA,NA,NA,NA,NA,NA,NA,NA,NA,NA,NA,NA,NA,NA,NA,NA,NA,NA,NA,NA,NA,NA,NA,NA,NA,NA,NA,NA,NA,NA
Croatia,2.H.2  Food and Beverages Industry,NA,NA,NA,NA,NA,NA,NA,NA,NA,NA,NA,NA,NA,NA,NA,NA,NA,NA,NA,NA,NA,NA,NA,NA,NA,NA,NA,NA,NA,NA,NA,NA
Cyprus,"1.A.2.d  Pulp, Paper and Print",4.82073,16.15596,15.37422,13.029,14.3319,12.63813,14.46219,9.1203,8.85972,8.85972,9.1203,7.03566,7.16595,8.07798,8.85972,5.150287059,3.494837647,4.966348235,4.598470588,3.12696,3.678776471,6.25392,3.496115,2.99667,3.12696,3.12696,3.12696,2.72538945,2.60167071,3.06845119,3.11478434,3.48606655
Cyprus,"1.A.2.e  Food Processing, Beverages and Tobacco",72.57057344,209.3338116,202.4960808,174.0267707,189.7650227,170.4133898,192.8406394,129.4423018,126.7241944,126.8949626,131.0890709,106.2080233,107.3987865,119.3429786,127.1132253,81.28838621,61.81639891,77.65378311,72.32887992,54.67075286,59.47180765,94.26853143,52.62469,43.3268,43.3268,55.81099,49.64006,70.98346691,65.51374377,66.56300514,61.9464851,63.96581344
Czechia,"1.A.2.d  Pulp, Paper and Print",2285.332855,2315.026289,2413.105443,2009.483032,1929.51321,1367.892694,1291.465873,1182.77356,678.2756817,654.7086643,720.0489236,837.4109147,733.6155032,551.0937939,320.6702384,713.1149031,658.3593787,662.9078187,644.2230101,676.0422609,627.0644103,533.8577791,523.0270931,467.8563211,421.647832,441.1759926,404.0477462,400.8099574,408.5920395,443.8081461,472.4100241,778.7501415
Czechia,"1.A.2.e  Food Processing, Beverages and Tobacco",2988.177587,3548.514973,3148.533947,3004.673591,2524.582023,2229.735111,2409.515903,2105.253572,1917.573378,1556.381188,1747.47849,1761.198718,1701.356781,1853.411002,1562.207405,1419.959869,1336.845,1195.991442,1003.539662,982.1751141,1037.812602,966.8834571,972.463047,959.4925833,991.2534105,1019.240286,1021.110388,1032.387942,984.5305884,881.6792656,994.9530514,1181.360559
Czechia,2.H.1  Pulp and Paper,NO,NO,NO,NO,NO,NO,0.184743238,0.262211293,0.291344966,0.30715368,0.365373657,0.369084598,0.399273011,0.418825453,0.419259968,0.355541,0.412968,0.522900639,0.490187,0.252518,0.264662,0.483977,0.541833,0.534102,0.55476,0.565925,0.52039,0.468003,0.554348,0.687617,0.8244031,0.630072
Denmark,"1.A.2.d  Pulp, Paper and Print",342.9268791,339.8184196,280.4313601,225.5250864,261.5638317,229.2947127,276.8764628,270.4827904,271.8936271,272.3222355,231.2307982,235.0961094,229.1962067,231.3087253,228.5236405,231.4724572,221.0340956,186.4119062,168.5210581,149.57217,156.1630684,146.8250279,130.1753017,123.1239464,112.3423883,99.41384205,73.31898385,81.22806909,85.72756144,67.14450651,55.81766515,58.71585477
Denmark,"1.A.2.e  Food Processing, Beverages and Tobacco",1713.092925,1796.347245,1646.730932,1744.185773,1924.865578,1949.806584,1831.042592,1874.34428,1846.415339,1850.72395,1817.048701,1881.272096,1782.528292,1694.972654,1730.16038,1656.196038,1681.441693,1428.218184,1332.722456,1256.840889,1437.991021,1319.77985,1223.372868,1153.728056,1169.376578,1138.345274,1118.594561,1155.059222,1175.575818,1032.971027,987.4868138,978.6248728
Denmark,2.H.2  Food and Beverages Industry,NA,NA,NA,NA,NA,NA,NA,NA,NA,NA,NA,NA,NA,NA,NA,NA,NA,NA,NA,NA,NA,NA,NA,NA,NA,NA,NA,NA,NA,NA,NA,NA
Estonia,"1.A.2.d  Pulp, Paper and Print",145.2357753,132.8800766,95.25000965,99.28194341,73.77495754,27.2171138,56.47852695,97.18670625,83.04981709,25.12973169,38.84181444,34.16499541,34.76402482,75.4186722,45.34896546,38.54174879,44.75783682,48.58772802,47.59273486,52.76807126,69.72307465,67.63306665,61.06931658,59.97628611,48.835842,47.54352089,54.00802202,49.80853352,61.64447874,62.14687428,62.96586158,56.3646718
Estonia,"1.A.2.e  Food Processing, Beverages and Tobacco",695.4928218,639.8724717,358.3578815,503.9182906,401.8317681,290.7210259,402.8991441,341.010575,274.7595292,206.2805939,170.1191899,174.2283881,170.6913173,107.2401319,133.0689699,132.4461969,114.4391219,115.5465652,101.7758314,93.73883701,106.4244744,84.03682667,75.54212436,92.60183634,85.02303895,84.93574754,92.37207311,64.55077538,66.48369665,93.97965106,98.00375596,82.32459922
Estonia,2.H.1  Pulp and Paper,NO,NO,NO,NO,NO,NO,NO,NO,NO,NO,NO,NO,NO,NO,NO,NO,NO,NO,NO,NO,NO,NO,NO,NO,NO,NO,NO,NO,NO,NO,NO,NO
Estonia,2.H.2  Food and Beverages Industry,NO,NO,NO,NO,NO,NO,NO,NO,NO,NO,NO,NO,NO,NO,NO,NO,NO,NO,NO,NO,NO,NO,NO,NO,NO,NO,NO,NO,NO,NO,NO,NO
European Union (Convention),"1.A.2.d  Pulp, Paper and Print",29843.8084,32165.3627,30542.45441,29803.74938,32685.32036,33885.31161,33763.06972,34490.85103,32838.45682,31327.59512,31780.7705,30538.41355,30844.34549,31052.62189,30126.76869,30217.19116,29802.08204,28918.08509,27596.31407,25884.13836,26547.71881,25484.8023,24751.50303,24243.41483,22725.15982,22933.90081,23294.62664,23331.17057,23254.83251,23993.32191,21815.69732,23096.23519
European Union (Convention),"1.A.2.e  Food Processing, Beverages and Tobacco",45217.5534,48944.88205,47270.7771,49161.68775,51015.46085,54681.70549,55446.18682,53337.35759,51106.23751,50627.44871,48556.12525,49224.72765,49640.80477,48724.21822,45934.37029,44988.36822,40850.2712,40153.12586,38281.01263,34856.85239,36139.4922,34350.21604,34239.28555,34403.71619,34194.00985,34855.48308,35385.86704,35924.95031,36114.36186,35583.39171,34222.43527,36143.19049
European Union (Convention),2.H.1  Pulp and Paper,0.65696297,0.65696297,0.65696297,0.63641497,0.63421497,0.63421497,0.818958209,0.896426263,0.925559936,0.94136865,0.999588628,1.003299569,1.033487981,8.505040424,15.91047494,13.25151567,17.48600117,11.36521994,27.20053409,23.02841062,29.37336968,22.69938099,24.10638051,21.34944419,26.63024709,22.69217874,21.2426605,20.73142731,25.04437795,23.65132599,20.36317248,20.56081152
European Union (Convention),2.H.2  Food and Beverages Industry,93.64086479,78.88085305,85.57824462,81.52635793,56.82340928,53.1343337,71.21240228,68.93193114,63.80689173,74.83455745,70.4237776,63.66797968,59.65900146,78.5035366,71.71915863,68.07196578,54.50045079,58.83006188,64.87941799,64.17539109,69.10866019,73.49095443,73.27225082,76.83365181,56.31094309,58.51613639,56.94603272,69.81394606,78.2990428,81.48018298,75.68069531,80.94435665
Finland,"1.A.2.d  Pulp, Paper and Print",5329.607793,5152.966196,4976.324599,4942.046909,5147.030398,4772.811765,4550.011132,4456.644865,4112.6129,4013.766316,3856.685757,3732.443353,3484.916413,3614.675072,3721.048736,3390.942901,3867.905868,4076.922433,3624.349311,2994.759217,3436.199299,3136.763635,2804.505463,2791.45174,2704.822971,2680.027294,2642.889611,2480.249822,2550.045029,2458.275353,2185.154299,2206.291116
Finland,"1.A.2.e  Food Processing, Beverages and Tobacco",827.6835837,797.9853058,768.2870278,725.676893,717.9450587,698.6300277,657.9473209,608.9297285,567.5056973,494.0799806,325.2766686,318.8795691,316.8356336,262.0205507,242.9767203,206.1128446,198.4013959,180.8484936,151.3571701,237.9805282,235.4225882,245.5181687,212.7636832,226.4676981,228.9045471,153.5184305,167.6595287,151.2944344,128.0895578,145.9555344,125.035714,101.9172682
Finland,2.H.1  Pulp and Paper,NO,NO,NO,NO,NO,NO,NO,NO,NO,NO,NO,NO,NO,NO,NO,NO,NO,NO,NO,NO,NO,NO,NO,NO,NO,NO,NO,NO,NO,NO,NO,NO
Finland,2.H.2  Food and Beverages Industry,NO,NO,NO,NO,NO,NO,NO,NO,NO,NO,NO,NO,NO,NO,NO,NO,NO,NO,NO,NO,NO,NO,NO,NO,NO,NO,NO,NO,NO,NO,NO,NO
France,"1.A.2.d  Pulp, Paper and Print",4449.058339,5587.354441,4990.59759,4758.531207,5067.841188,5146.425831,5447.669789,5399.0994,5418.052836,5240.522202,5197.420969,5005.021207,4506.67863,4587.046311,4211.391882,3985.289128,3916.695691,3569.812959,3157.560585,2692.983433,2865.678216,2388.092831,2425.231747,2801.531444,2648.009757,2572.699821,2652.129543,2440.779001,2470.805284,2343.014088,2254.274153,2441.003157
France,"1.A.2.e  Food Processing, Beverages and Tobacco",8524.067435,10446.04425,9540.717256,9954.233405,9932.925736,10681.1032,10570.88978,10352.44095,10327.08343,10771.81596,9906.098759,10268.6805,10233.87472,9890.713515,9353.574875,10036.22757,10178.84618,10233.98621,9427.984697,8568.390793,9658.828343,8994.736151,8494.424556,8716.770246,8506.009008,8429.184369,8571.353467,7994.297762,8169.071434,8151.168041,7620.687046,8232.177438
France,2.H.1  Pulp and Paper,0.043727954,0.043727954,0.043727954,0.043727954,0.043727954,0.043727954,0.043727954,0.043727954,0.043727954,0.043727954,0.043727954,0.043727954,0.043727954,0.043727954,0.043727954,0.043727954,0.043727954,0.043727954,0.043727954,0.043727954,0.043727954,0.043727954,0.043727954,0.043870008,0.044866924,0.060192404,0.066429668,0.063142473,0.055308618,0.063955961,0.102771072,0.116168311
France,2.H.2  Food and Beverages Industry,IE,IE,IE,IE,IE,IE,IE,IE,IE,IE,IE,IE,IE,IE,IE,IE,IE,IE,IE,IE,IE,IE,IE,IE,IE,IE,IE,IE,IE,IE,IE,IE
Germany,"1.A.2.d  Pulp, Paper and Print",3.64695813,4.71201044,7.88496532,9.807707,12.51937632,6.86900184,10.18895017,7.66150767,10.1887921,13.12218027,13.93685942,14.79689114,14.05343103,15.52851016,14.82149304,15.98548464,13.87449247,16.80458984,17.60817515,8.33331764,9.47144276,14.67491632,16.1018838,7.79012156,7.1995036,4.09121492,4.40161268,3.85410552,6.5528416,4.35850188,7.8030548,10.78201108
Germany,"1.A.2.e  Food Processing, Beverages and Tobacco",2015.909437,1898.590342,2216.788356,2082.129922,1971.661344,1805.112611,1802.42483,1619.731832,1669.49021,1189.477045,1485.077507,1473.982155,369.4030385,478.7159901,608.2049737,148.4338809,70.10372167,153.7076625,167.3893714,240.5947985,179.5730413,237.2477971,262.0141737,164.8974721,202.0755046,175.8767738,168.2497551,187.1332499,198.8376933,194.7579261,160.8501886,149.8980904
Germany,2.H.1  Pulp and Paper,NA,NA,NA,NA,NA,NA,NA,NA,NA,NA,NA,NA,NA,NA,NA,NA,NA,NA,NA,NA,NA,NA,NA,NA,NA,NA,NA,NA,NA,NA,NA,NA
Germany,2.H.2  Food and Beverages Industry,NA,NA,NA,NA,NA,NA,NA,NA,NA,NA,NA,NA,NA,NA,NA,NA,NA,NA,NA,NA,NA,NA,NA,NA,NA,NA,NA,NA,NA,NA,NA,NA
Greece,"1.A.2.d  Pulp, Paper and Print",306.0454,291.467144,284.2770013,268.6173109,253.3754728,213.1768447,292.3380367,343.7223677,308.6796176,317.6107189,377.2817641,347.1315112,357.171857,367.5352727,254.0957943,231.0130804,270.7750004,257.4746364,241.5479623,198.5816841,179.8053888,151.7455124,118.9880132,138.3434538,133.2356098,104.3705893,79.65935395,76.89376258,91.27948197,92.92503217,84.32834141,86.44979777
Greece,"1.A.2.e  Food Processing, Beverages and Tobacco",916.84255,942.5136985,951.7905376,970.2088521,929.8405243,946.1980197,1016.371671,983.5191892,1069.944763,972.3488057,1096.771338,1002.000635,1047.874562,1100.608929,882.9763134,797.0496336,854.1886369,711.11666,657.4340623,592.8764176,502.9023491,404.0552673,510.7731904,568.3519167,645.7903616,620.3858867,630.3385405,636.6589118,607.5153351,580.7759195,555.0068062,611.4462277
Greece,2.H.1  Pulp and Paper,NA,NA,NA,NA,NA,NA,NA,NA,NA,NA,NA,NA,NA,NA,NA,NA,NA,NA,NA,NA,NA,NA,NA,NA,NA,NA,NA,NA,NA,NA,NA,NA
Greece,2.H.2  Food and Beverages Industry,NA,NA,NA,NA,NA,NA,NA,NA,NA,NA,NA,NA,NA,NA,NA,NA,NA,NA,NA,NA,NA,NA,NA,NA,NA,NA,NA,NA,NA,NA,NA,NA
Hungary,"1.A.2.d  Pulp, Paper and Print",73.82461316,63.63669782,251.6012584,220.2062751,234.4677836,225.6135028,232.788479,216.8193393,227.6240707,225.5718914,194.766826,215.2360926,257.5964993,282.86684,211.35978,200.79578,210.65234,221.72362,196.94606,147.06433,158.08901,159.26562,155.96014,192.68174,195.45374,145.02367,424.387273,478.1046538,423.0041784,469.2067345,416.7432473,380.2779432
Hungary,"1.A.2.e  Food Processing, Beverages and Tobacco",2028.94054,2105.039892,1634.44776,1486.11389,1407.070789,1409.503765,1525.090914,1276.404918,1258.649757,1057.113869,857.96487,1114.99994,1188.98577,979.6239519,993.6562635,804.1288046,789.43781,672.362388,715.92886,610.91561,634.68476,630.70254,563.45084,699.0521584,728.78366,750.724644,717.712868,757.764338,860.349135,798.385034,841.253646,867.917166
Hungary,2.H.1  Pulp and Paper,NO,NO,NO,NO,NO,NO,NO,NO,NO,NO,NO,NO,NO,NO,NO,NO,NO,NO,NO,NO,NO,NO,NO,NO,NO,NO,NO,NO,NO,NO,NO,NO
Hungary,2.H.2  Food and Beverages Industry,NO,NO,NO,NO,NO,NO,NO,NO,NO,NO,NO,NO,NO,NO,NO,NO,NO,NO,NO,NO,NO,NO,NO,NO,NO,NO,NO,NO,NO,NO,NO,NO
Iceland,"1.A.2.d  Pulp, Paper and Print",NO,NO,NO,NO,NO,NO,NO,NO,NO,NO,NO,NO,NO,NO,NO,NO,NO,NO,NO,NO,NO,NO,NO,NO,NO,NO,NO,NO,NO,NO,NO,NO
Iceland,"1.A.2.e  Food Processing, Beverages and Tobacco",128.2407895,67.84456301,143.9626245,161.337909,146.925706,151.7141456,200.5513164,208.0814564,157.4683997,159.40628,113.6848082,145.866123,165.8794252,124.8557502,95.97820863,67.02252671,62.58103016,66.4815717,81.05932729,71.64702125,54.77856583,57.09368832,66.34822676,50.11856723,19.72050661,43.86693743,43.44425464,20.22837416,25.94090489,15.155944,15.6403494,22.23994852
Iceland,2.H.2  Food and Beverages Industry,NA,NA,NA,NA,NA,NA,NA,NA,NA,NA,NA,NA,NA,NA,NA,NA,NA,NA,NA,NA,NA,NA,NA,NA,NA,NA,NA,NA,NA,NA,NA,NA
Ireland,"1.A.2.d  Pulp, Paper and Print",28.44011156,28.31803875,34.47697718,42.02121781,50.7547369,57.10890106,60.74344793,69.24339295,78.30596035,82.85426304,95.45086134,95.28519429,84.27083151,78.14024981,70.96898381,38.22041503,23.8340529,9.039367624,16.91582506,28.95980642,22.17264461,28.85031602,23.29157248,21.42507481,20.91793624,17.22631734,21.78325422,27.42959254,37.66413233,17.06294328,17.62238224,17.13411187
Ireland,"1.A.2.e  Food Processing, Beverages and Tobacco",1017.49603,1083.89843,995.1603429,1059.589861,1114.420372,1129.45435,1100.337857,1214.514045,1237.212645,1272.279556,1518.828527,1527.259432,1279.210383,1128.172872,948.3884774,1077.971238,918.4148409,819.6481812,804.2911113,901.9098276,888.8858218,804.5538661,935.6400702,938.4624046,930.832658,995.8974452,987.3374583,1057.156102,1061.832943,1055.571603,1090.48465,1068.949036
Ireland,2.H.2  Food and Beverages Industry,21.15786479,21.47615305,21.79524462,22.09016993,22.39653328,22.6269257,21.90176628,20.66414714,22.55842373,23.48286545,21.4511896,20.85045168,27.86955346,32.4139406,30.55361063,29.76858578,30.07927039,29.80241788,31.52409799,34.42062109,40.03636819,40.21855243,45.73394082,49.40596981,42.09335309,44.97346729,47.55812776,59.30963651,59.43688895,65.07906736,58.55932023,66.00745916
Italy,"1.A.2.d  Pulp, Paper and Print",3107.504693,3588.899068,3680.295581,3649.803036,4033.69079,4184.631827,4298.501444,4465.483447,4625.7943,4159.983243,4253.070104,4348.90139,4426.027139,4519.073254,4811.272756,5456.604363,5242.189766,5376.871355,5219.966323,5288.762409,5148.373245,5134.567516,5161.936347,4851.327317,4809.623055,4872.490801,4789.199618,5026.829139,4916.003342,4974.859987,4664.706197,5307.827684
Italy,"1.A.2.e  Food Processing, Beverages and Tobacco",3890.640203,4777.510629,5101.383114,4538.888818,4866.228278,5095.411626,5112.606073,5119.577346,5581.335547,6919.40096,6282.372879,6413.664998,6847.450029,6865.27466,6045.59014,6016.519882,5608.542668,5151.089565,5548.421069,4865.978414,4131.969424,3920.868576,3690.035315,3662.957395,3518.646094,3444.117405,3350.261154,3704.984236,3517.111025,3454.503098,3472.044015,3814.714539
Italy,2.H.1  Pulp and Paper,NA,NA,NA,NA,NA,NA,NA,NA,NA,NA,NA,NA,NA,NA,NA,NA,NA,NA,NA,NA,NA,NA,NA,NA,NA,NA,NA,NA,NA,NA,NA,NA
Italy,2.H.2  Food and Beverages Industry,NA,NA,NA,NA,NA,NA,NA,NA,NA,NA,NA,NA,NA,NA,NA,NA,NA,NA,NA,NA,NA,NA,NA,NA,NA,NA,NA,NA,NA,NA,NA,NA
Japan,"1.A.2.d  Pulp, Paper and Print",27106.4535,27510.35162,27391.55135,28251.46477,29496.39357,31428.0641,31392.75117,31299.63509,30443.92189,30918.19098,31672.26413,31255.61615,30964.60872,30575.36702,30850.02389,29732.39195,28097.99545,26853.54475,24985.06734,23473.83687,22646.44474,23317.68177,23811.74946,23832.17463,22898.66731,23307.86151,20846.88021,20488.76113,20429.53784,18983.6336,17870.29099,17727.66164
Japan,"1.A.2.e  Food Processing, Beverages and Tobacco",7649.463951,8081.914743,8580.205392,9077.393711,9300.015643,10133.33864,9958.067612,10343.9836,11096.61829,11557.46158,11468.17088,11881.37394,12342.88945,11996.98776,12413.95049,12169.08418,11852.9679,10810.63306,10004.55581,9847.981751,9829.847931,10784.98604,10535.14841,9810.53431,9520.783843,8470.989645,8413.766595,7761.590977,8737.628742,7688.973212,8189.319803,7988.192237
Japan,2.H.2  Food and Beverages Industry,64.26936,66.77496,65.26989,59.56263,66.79674,71.53767,79.67394,86.09184,86.49495,89.32563,86.5017,78.21639,79.86843,85.32873,86.292,90.05112,87.51969,86.16168,71.54649,71.29323,75.85434,75.80916,76.40865,82.32885,80.43525,83.04489,79.41114,85.07214,80.41365,79.04871,71.09595,73.59795
Kazakhstan,"1.A.2.d  Pulp, Paper and Print",39.02,43.51,94.93,60.85,33.47,21.45,24.45,42.19,39.48,10.9958,3.8,2.46,10,10.97,35.78,24.53,28.63,42.56,13.21,28.45,30.87,12.16,9.93,34,6.25,43.63,45.257,56.59,53.012,40.57307,42.87518,113.271
Kazakhstan,"1.A.2.e  Food Processing, Beverages and Tobacco",772.08,745.83,3105.63,2906.87,2366.19,1530.92,1328.84,1374.03,1346.55,765.18,838.07,1097.18,1077.99,1021.52,1129.33,1060.9,1055.9,1944.55,1433.87,995.51,1415.64,390.52,669.34,645.44,674.11,1159.16,734.03,719.019,737.205,824.1994,720.9813,846.9978
Kazakhstan,2.H.2  Food and Beverages Industry,NA,NA,NA,NA,NA,NA,NA,NA,NA,NA,NA,NA,NA,NA,NA,NA,NA,NA,NA,NA,NA,NA,NA,NA,NA,NA,NA,NA,NA,NA,NA,NA
Latvia,"1.A.2.d  Pulp, Paper and Print",168.477762,160.5027576,147.4265859,56.47727673,10.79676021,17.06923888,11.79064708,11.04998401,7.839448719,8.161530941,5.622437515,10.06674733,10.01555267,11.77260667,11.72693167,13.66698113,15.50759197,11.17198959,11.16516367,5.61837291,5.60719436,5.605935455,3.76721112,5.613375097,5.542160391,5.440832122,5.128969814,6.087877355,6.131616836,5.529538784,4.632532543,5.754486883
Latvia,"1.A.2.e  Food Processing, Beverages and Tobacco",840.2068022,549.9937942,505.4070342,527.9055175,494.3256699,519.719477,591.2947114,533.0879024,516.7071755,443.2071094,345.0210172,257.9975505,266.6152981,228.1208273,236.6113042,240.674759,246.7938013,199.1420362,160.957827,142.0572652,143.42064,131.4546034,132.7475374,123.8385822,113.7600802,103.23139,100.5070192,90.73539765,91.22262813,88.75427396,87.87251591,93.37655227
Latvia,2.H.1  Pulp and Paper,NA,NA,NA,NA,NA,NA,NA,NA,NA,NA,NA,NA,NA,NA,NA,NA,NA,NA,NA,NA,NA,NA,NA,NA,NA,NA,NA,NA,NA,NA,NA,NA
Latvia,2.H.2  Food and Beverages Industry,NO,NO,NO,NO,NO,NO,NO,NO,NO,NO,NO,NO,NO,NO,NO,4.849196,4.7281784,NO,NO,NO,NO,NO,NO,NO,NO,NO,NO,NO,NO,NO,NO,NO
Liechtenstein,"1.A.2.d  Pulp, Paper and Print",NO,NO,NO,NO,NO,NO,NO,NO,NO,NO,NO,NO,NO,NO,NO,NO,NO,NO,NO,NO,NO,NO,NO,NO,NO,NO,NO,NO,NO,NO,NO,NO
Liechtenstein,"1.A.2.e  Food Processing, Beverages and Tobacco",33.82647881,32.97900695,33.30068823,35.06640447,33.26487881,33.40926674,33.4249662,34.97734907,37.30979512,36.60734287,33.3519816,33.75998734,35.00279492,37.61615963,36.65499771,35.5118423,36.7451754,30.43126092,32.65837435,23.80986386,22.49027572,19.52449697,21.02424287,21.7046795,22.43822295,22.89519506,21.25715174,22.7718167,20.203512,19.98298568,18.6288836,18.94982053
Lithuania,"1.A.2.d  Pulp, Paper and Print",255.341328,282.577212,177.898836,70.474144,86.421184,79.600164,79.044854,82.457631,76.868264,68.126476,73.74222622,71.59292434,51.92659037,26.78556242,21.89811536,24.96816087,21.81806415,26.69613631,33.42759,49.38872,64.7969,52.485,44.295678,43.3909,26.63152,21.72156,28.89946,33.25083,43.05233,38.77074,31.76055,30.14432
Lithuania,"1.A.2.e  Food Processing, Beverages and Tobacco",676.386536,740.974464,490.29576,219.546608,277.52002,253.423668,255.2923475,271.1609922,352.211737,302.759451,306.9776628,270.0348561,298.2079236,297.1111422,272.2575673,263.918237,270.1125182,292.8311492,266.66488,245.73148,268.01264,288.31757,297.50191,280.20637,248.10433,239.01153,246.19692,246.85581,253.20878,233.4753,242.1105,235.555575
Lithuania,2.H.1  Pulp and Paper,0.022748,0.022748,0.022748,0.0022,NO,NO,NO,NO,NO,NO,NO,NO,NO,NO,NO,NO,NO,NO,NO,NO,NO,NO,NO,NO,NO,NO,NO,NO,NO,NO,NO,NO
Lithuania,2.H.2  Food and Beverages Industry,NO,NO,NO,NO,NO,NO,NO,NO,NO,NO,NO,NO,NO,NO,NO,NO,NO,NO,NO,NO,NO,NO,NO,NO,NO,NO,NO,NO,NO,NO,NO,NO
Luxembourg,"1.A.2.d  Pulp, Paper and Print","NO,IE","NO,IE","NO,IE","NO,IE","NO,IE","NO,IE","NO,IE","NO,IE","NO,IE","NO,IE",11.41099176,13.32428713,16.97815426,20.37960452,17.52916883,17.54085759,11.01240231,7.065238993,9.831084861,7.775908063,4.979997085,7.204784598,9.380535867,11.92219019,5.773248307,5.390422289,5.240103063,4.937358994,1.271672549,1.88374039,0.401963454,0.529971167
Luxembourg,"1.A.2.e  Food Processing, Beverages and Tobacco",5.440749712,7.264733754,7.042134581,6.428486179,6.71349132,7.539212373,6.736209542,7.037968716,7.379298959,8.146086015,18.90998043,23.21840509,25.75877515,15.45564571,14.15442467,15.08955495,13.08929386,12.78954663,13.93556234,14.67633974,12.38768721,17.83743787,15.14398203,15.39049486,20.91243444,17.64233072,19.45859262,16.88041416,11.94455935,12.53849953,12.38783238,13.86150228
Malta,"1.A.2.d  Pulp, Paper and Print",NO,NO,NO,NO,NO,NO,NO,NO,NO,NO,NO,NO,NO,NO,NO,NO,NO,NO,NO,NO,NO,NO,NO,NO,NO,NO,NO,NO,NO,NO,NO,NO
Malta,"1.A.2.e  Food Processing, Beverages and Tobacco",NO,NO,NO,NO,NO,NO,NO,NO,NO,NO,NO,NO,NO,NO,NO,NO,NO,NO,NO,NO,NO,NO,NO,NO,NO,NO,NO,NO,NO,NO,NO,NO
Monaco,"1.A.2.d  Pulp, Paper and Print",NO,NO,NO,NO,NO,NO,NO,NO,NO,NO,NO,NO,NO,NO,NO,NO,NO,NO,NO,NO,NO,NO,NO,NO,NO,NO,NO,NO,NO,NO,NO,NO
Monaco,"1.A.2.e  Food Processing, Beverages and Tobacco",NO,NO,NO,NO,NO,NO,NO,NO,NO,NO,NO,NO,NO,NO,NO,NO,NO,NO,NO,NO,NO,NO,NO,NO,NO,NO,NO,NO,NO,NO,NO,NO
Netherlands,"1.A.2.d  Pulp, Paper and Print",1668.474096,1741.136595,1710.186872,1689.215952,1668.765156,1386.661257,1503.356642,1539.876204,1521.633105,1536.009271,1556.493215,1468.079325,1519.412586,1455.790543,1459.786328,1686.695739,1612.668407,1388.17729,1200.167136,1089.158912,1190.475769,1105.870097,1098.474001,1007.858177,1007.795733,1054.254041,1026.166242,1044.496879,993.6926045,947.5288812,848.2046307,918.6412092
Netherlands,"1.A.2.e  Food Processing, Beverages and Tobacco",4008.937569,3972.503954,4279.278261,4428.792087,4326.236195,4049.764693,4316.620375,4160.12013,4240.637979,4502.367427,4300.629081,4106.405449,4244.000444,4080.18883,4013.265921,3881.8934,3704.365349,3792.473681,3594.897739,3169.453816,3326.648637,3544.049919,3387.511314,3273.589324,3476.43374,3347.995654,3385.371202,3442.650697,3437.330739,3520.211657,3450.535628,3529.423451
Netherlands,2.H.2  Food and Beverages Industry,72.483,57.4047,63.783,59.436188,34.426876,30.507408,49.310636,48.267784,41.248468,51.351692,48.972588,42.817528,31.789448,46.089596,41.165548,33.454184,19.693002,29.027644,33.35532,29.75477,29.072292,33.272402,27.53831,27.427682,14.21759,13.5426691,9.387904959,10.50430954,18.86215385,16.40111562,17.12137509,14.93689749
New Zealand,"1.A.2.d  Pulp, Paper and Print",507.2074911,493.5701686,486.1405708,465.2050779,495.8581459,519.2758603,522.4853929,526.3417714,507.7624983,545.6756382,587.9896121,571.5598492,501.3748741,443.4996248,551.6195793,533.9800127,538.8991093,540.1654366,493.8063431,436.9755544,428.5861588,439.9877399,474.2444987,410.6508891,408.9106415,396.2988907,406.4019731,471.9489749,447.7792074,441.3863443,395.7512697,299.890378
New Zealand,"1.A.2.e  Food Processing, Beverages and Tobacco",1663.114154,1684.772252,1804.869909,1650.838642,1737.254767,1765.947494,1783.672056,1820.931215,1807.038828,1600.913687,1666.516104,1695.991002,1785.458526,1823.728655,1950.127255,1960.412316,1921.966172,2150.898047,2041.627358,1922.856083,2358.921583,2309.779074,2514.782268,2383.197751,2680.668156,2973.552395,2720.56047,2748.977572,3023.419442,3094.295199,2874.737872,2786.955328
Norway,"1.A.2.d  Pulp, Paper and Print",316.7357751,302.5589635,241.19936,295.40686,653.9217,628.26114,805.7947,591.82689,588.2411751,534.1446723,353.493538,519.5526157,483.311372,531.57832,531.779402,467.1875524,527.7906652,384.8859352,353.5453724,326.0074256,401.9116106,296.2750185,200.9157824,134.3311527,107.543301,92.21977205,104.1886221,91.30870825,101.6850883,107.0672684,72.64134014,106.3836613
Norway,"1.A.2.e  Food Processing, Beverages and Tobacco",490.4691753,450.1903277,493.95878,495.87528,565.23108,480.26834,554.20787,487.33574,574.29371,507.9593078,418.6603162,397.35271,413.90415,465.0421344,385.91866,320.3204034,357.6017384,344.78659,353.3638208,304.5444876,348.9786664,316.3961061,302.42485,295.81616,291.4488392,321.2327426,315.9342789,367.4324637,308.6104679,308.7117962,315.3268394,314.1547643
Norway,2.H.1  Pulp and Paper,10.48547118,10.82955118,10.77939118,10.43927118,11.41343118,10.59239118,10.74744,10.89748,9.452443,9.558824,10.162889,8.920439,9.20271,9.914641,11.2178,12.92192,14.2998,10.04684,12.73654,9.001394,10.26821,9.22893,9.6484,9.859537292,8.5,8.805,10.239442,7.99,8.905372,8.288497,9.283365,9.16307
Norway,2.H.2  Food and Beverages Industry,20.786859,32.116025,30.454911,32.702376,31.380306,36.374325,36.024371,45.428043,46.247434,47.243532,52.596638,62.237037,64.692704,75.116491,77.133555,79.60678292,71.58375251,79.18766931,77.61048848,75.07751137,84.674909,91.306519,94.959391,91.248907,91.392302,99.74573,105.348461,105.611532,112.866,105.387,110.297,103.527296
Poland,"1.A.2.d  Pulp, Paper and Print",284.4089559,300.8681287,267.0675787,592.1220432,524.6051145,2355.10414,2284.281272,2503.507814,2028.480066,1882.355054,1714.520546,1711.07916,1593.872543,1618.807564,1626.92829,1551.530943,1424.330966,1299.357411,1166.98158,1235.182703,1393.29158,1475.673195,1448.933628,1581.965626,1591.917432,1585.80323,1525.884287,1484.843174,1304.27422,1473.986701,1335.119814,1435.741394
Poland,"1.A.2.e  Food Processing, Beverages and Tobacco",3715.41113,4021.939811,3688.062328,6201.682755,6203.564197,7994.50682,10248.96657,9021.384018,7692.177351,5856.834914,5667.215195,5377.577051,5662.155896,5522.442517,5264.582347,5194.489555,4679.474302,4756.907499,4312.159843,4084.748028,4078.054428,4035.038527,4189.135606,4025.40618,4000.999569,3798.325888,3973.979398,4154.025396,4525.536601,4436.800005,4177.418501,4149.046121
Portugal,"1.A.2.d  Pulp, Paper and Print",753.7446455,820.661854,898.6988747,925.3300812,1065.191026,883.4079403,924.7242232,875.6851862,881.4058715,881.8472734,1052.633818,740.6828066,703.6665058,655.684271,664.895861,605.9585106,638.8982261,598.185513,674.7298819,804.5935769,1049.335727,1050.453117,1008.553137,969.4660555,965.0962167,1068.383188,1112.574805,1129.440189,1306.563323,1362.854641,1235.117436,967.8850622
Portugal,"1.A.2.e  Food Processing, Beverages and Tobacco",830.4868727,903.837739,918.8465163,880.615162,894.0546897,936.8300037,957.1857692,1109.758777,1143.385969,1140.471945,1042.658309,1119.759177,1167.068169,1174.252763,980.1714696,897.7830954,974.0366958,1048.608529,957.3516602,927.1972578,965.8598674,941.0190144,872.6028813,828.6138182,790.762482,803.1133819,796.6823575,782.1753566,736.9465787,756.1819713,739.9560038,705.7865759
Portugal,2.H.1  Pulp and Paper,NO,NO,NO,NO,NO,NO,NO,NO,NO,NO,NO,NO,NO,NO,NO,NO,NO,NO,NO,NO,NO,NO,NO,NO,NO,NO,NO,NO,NO,NO,NO,NO
Portugal,2.H.2  Food and Beverages Industry,NO,NO,NO,NO,NO,NO,NO,NO,NO,NO,NO,NO,NO,NO,NO,NO,NO,NO,NO,NO,NO,NO,NO,NO,NO,NO,NO,NO,NO,NO,NO,NO
Romania,"1.A.2.d  Pulp, Paper and Print",NO,NO,62.77172757,21.63724205,186.4706919,577.3774289,559.9798821,479.6184169,398.5545239,383.9303754,388.1417206,366.2080616,363.4253848,409.6060692,280.1995818,286.2654302,233.0729811,312.195488,183.9777458,118.7999314,288.5597208,101.8027,109.1611541,108.4292346,136.5404754,173.1172831,195.9873643,255.0977037,176.3670133,232.462325,204.8806372,346.5394022
Romania,"1.A.2.e  Food Processing, Beverages and Tobacco",131.6779864,18.50780745,862.0192981,577.8918676,2692.182643,2977.021598,2754.868968,2262.866946,963.76999,1111.059811,1145.03807,1517.153817,1218.904789,1054.922854,1127.841004,1594.212206,942.7156612,1524.560902,1338.506205,931.8959202,983.5423918,999.071171,1071.147682,938.9476237,987.7040086,970.0372083,1027.861959,1016.099713,861.413681,956.2026296,924.9213589,936.0398994
Romania,2.H.1  Pulp and Paper,NA,NA,NA,NA,NA,NA,NA,NA,NA,NA,NA,NA,NA,NA,NA,NA,NA,NA,NA,NO,NO,NO,NO,NO,NO,NO,NO,NO,NO,NO,NA,NA
Romania,2.H.2  Food and Beverages Industry,NA,NA,NA,NA,NA,NA,NA,NA,NA,NA,NA,NA,NA,NA,NA,NA,NA,NA,NA,NA,NA,NA,NA,NA,NA,NA,NA,NA,NA,NA,NA,NA
Russian Federation,"1.A.2.d  Pulp, Paper and Print",5214.110573,4987.081134,527.88672,501.88896,457.82496,386.24544,371.16576,362.7257659,342.72,413.41824,3155.721416,2942.677571,2775.843753,2324.007869,2160.021065,3094.937549,3401.403182,2321.97953,2045.62874,2799.793612,2992.945336,3223.081452,4605.997436,3425.851642,4362.512706,4956.605709,5212.065755,6360.520951,8707.357344,9240.199777,8195.080647,4912.510591
Russian Federation,"1.A.2.e  Food Processing, Beverages and Tobacco",17111.74688,16359.54435,11336.78765,11603.09463,7140.085114,5294.400605,7378.849782,6740.369719,7618.177738,6351.934886,5262.566933,5771.060859,5289.827872,4296.283139,3507.889301,4109.42533,3963.522273,2954.082284,3893.378943,3889.729856,4884.15282,5975.636978,6935.188021,6357.585488,6054.433312,4695.386691,6240.877486,5712.014904,6275.043248,6866.428862,7019.710664,6645.231094
Russian Federation,2.H.1  Pulp and Paper,NE,NE,NE,NE,NE,NE,NE,NE,NE,NE,NE,NE,NE,NE,NE,NE,NE,NE,NE,NE,NE,NE,NE,NE,NE,NE,NE,NE,NE,NE,NE,NE
Russian Federation,2.H.2  Food and Beverages Industry,NE,NE,NE,NE,NE,NE,NE,NE,NE,NE,NE,NE,NE,NE,NE,NE,NE,NE,NE,NE,NE,NE,NE,NE,NE,NE,NE,NE,NE,NE,NE,NE
Slovakia,"1.A.2.d  Pulp, Paper and Print",2329.287168,2028.640541,1769.90581,1549.283776,1363.225078,1208.180329,1080.60018,1028.490358,893.6361087,827.153462,690.6994016,604.2965502,628.6671557,599.328472,534.2148718,528.8805296,521.3262221,485.6011188,518.6092375,622.3599715,396.2015381,378.0152254,305.3978135,426.2188033,479.6959879,475.6620826,401.8811123,377.2331598,345.5583168,434.4492049,390.4851275,296.0915506
Slovakia,"1.A.2.e  Food Processing, Beverages and Tobacco",1140.357928,1040.561281,953.9523163,879.1194342,814.8282793,759.8444967,712.9337312,695.6667737,638.3938318,608.2959878,569.2206556,559.5333651,551.0459625,495.8787142,478.8531951,436.1897206,416.8150911,359.3539888,335.1102904,303.7326691,305.9969686,312.0309792,295.8561846,309.5985372,326.3012215,329.007926,319.7655594,324.0795664,322.7327938,345.1223484,342.0087977,321.3143729
Slovakia,2.H.2  Food and Beverages Industry,NO,NO,NO,NO,NO,NO,NO,NO,NO,NO,NO,NO,NO,NO,NO,NO,NO,NO,NO,NO,NO,NO,NO,NO,NO,NO,NO,NO,NO,NO,NO,NO
Slovenia,"1.A.2.d  Pulp, Paper and Print",380.5177362,589.3859368,595.2676239,538.8800417,614.3822501,694.7216193,699.7300925,370.459219,464.1713791,553.3258293,505.2925093,444.1019752,474.7094134,453.0112065,500.8907624,521.8336304,470.9175712,446.3276885,430.1594857,414.351463,387.9885576,353.9256454,342.0969497,336.2075481,326.6897833,315.3551877,310.1658834,308.9672206,312.0770542,316.2498849,276.251569,243.7299983
Slovenia,"1.A.2.e  Food Processing, Beverages and Tobacco",220.9550917,217.2083049,192.2028416,196.3030917,179.4476517,202.2111631,177.4611622,215.1272358,212.4024113,216.6879737,182.9190698,166.8670002,183.6765714,228.8467015,178.9234621,174.4413407,204.4096072,132.6396287,126.1033157,115.0090185,111.5553929,99.30223896,87.95468535,87.62510653,106.6060117,90.11041526,88.63696535,88.73958236,110.3213337,98.63208508,91.32891708,95.08764398
Spain,"1.A.2.d  Pulp, Paper and Print",2600.484904,2735.7973,2655.880112,2652.241794,3255.093306,3914.247039,3726.418311,3712.357746,4023.459373,4365.497183,4788.514623,4468.955752,5366.381937,5432.579974,5435.965814,5254.290101,5113.231119,5184.404169,5482.64057,5030.183559,4491.292289,5030.292794,5155.455978,4753.17431,3888.308795,3994.120407,4241.240735,4376.499887,4329.407512,4826.053624,4088.316617,4238.711734
Spain,"1.A.2.e  Food Processing, Beverages and Tobacco",2997.666309,3243.07634,3211.407084,3206.569727,3965.314792,5151.107837,3735.419824,3855.468234,3832.196158,4869.132851,4771.883636,4948.89065,5594.40626,6104.981589,5745.833146,5166.972266,2968.850623,2903.700802,2765.421684,2431.317299,2574.664491,2013.528614,2714.646055,3205.709551,2873.794056,4207.311118,4600.058493,5039.099554,4941.039425,4675.868419,4355.930276,4900.957197
Spain,2.H.1  Pulp and Paper,NA,NA,NA,NA,NA,NA,NA,NA,NA,NA,NA,NA,NA,NA,NA,NA,NA,NA,NA,NA,NA,NA,NA,NA,NA,NA,NA,NA,NA,NA,NA,NA
Spain,2.H.2  Food and Beverages Industry,NA,NA,NA,NA,NA,NA,NA,NA,NA,NA,NA,NA,NA,NA,NA,NA,NA,NA,NA,NA,NA,NA,NA,NA,NA,NA,NA,NA,NA,NA,NA,NA
Sweden,"1.A.2.d  Pulp, Paper and Print",2155.777053,2320.683497,2072.685417,2571.127107,3312.504731,3265.928409,3071.962506,3399.163406,2919.772411,2417.69383,2544.253744,2469.358298,2442.314713,2499.523775,2382.488117,2105.759305,2069.465619,1622.641627,1515.442235,1351.719537,1386.196777,1094.693562,1008.417271,874.5571191,680.0211973,C,687.1774056,703.0639449,788.5919302,702.7216371,616.2244766,659.7108807
Sweden,"1.A.2.e  Food Processing, Beverages and Tobacco",945.4208281,926.673826,843.5705965,898.8054005,922.5200615,941.1050145,945.2498282,984.3100968,951.5199614,925.2624897,809.3322124,694.5915189,759.9385251,840.5273873,765.55951,604.9594106,638.9500959,559.8632023,490.1029334,487.1620708,484.5758569,482.1390917,492.6570432,457.5508469,437.1409082,C,392.0717218,324.2113303,322.0115796,283.1937183,274.454409,263.8127327
Sweden,2.H.1  Pulp and Paper,0.590487017,0.590487017,0.590487017,0.590487017,0.590487017,0.590487017,0.590487017,0.590487017,0.590487017,0.590487017,0.590487017,0.590487017,0.590487017,0.590487017,0.590487017,0.489246717,0.567305215,0.617591344,0.675619133,0.405164663,0.368979723,0.434676041,0.335819561,0.169602179,0.067480169,0.047801333,0.045170836,0.025321834,0.022161328,0.024353024,0.071828308,0.10725121
Sweden,2.H.2  Food and Beverages Industry,NE,NE,NE,NE,NE,NE,NE,NE,NE,NE,NE,NE,NE,NE,NE,NE,NE,NE,NE,NE,NE,NE,NE,NE,NE,NE,NE,NE,NE,NE,NE,NE
Switzerland,"1.A.2.d  Pulp, Paper and Print",674.2072032,721.3854019,797.312688,816.0703984,855.8109296,785.6056664,737.2919273,751.3510511,737.4353258,696.6097347,610.8509999,712.5551834,642.188327,681.9565147,668.1541433,595.1997106,622.5263816,517.8755776,516.1394888,385.1093979,403.6162754,352.7346676,314.9931831,321.7273349,268.5307953,213.7695446,175.9595629,166.2536115,122.1999523,127.7592553,121.6349626,135.5077553
Switzerland,"1.A.2.e  Food Processing, Beverages and Tobacco",709.6234798,843.9392867,795.6009786,779.0206452,621.5577496,601.3998947,757.6228647,702.1166334,692.014771,669.2090954,690.9374908,701.9926007,661.4057317,642.9187144,639.6616644,652.7192252,722.1289569,699.5651498,682.994417,779.5522971,814.5015408,704.4369521,703.126422,809.9492369,751.6210617,704.0328597,668.7171312,675.2971424,649.2154048,710.7088151,710.9258228,722.4924083
Türkiye,"1.A.2.d  Pulp, Paper and Print","NO,IE","NO,IE","NO,IE","NO,IE","NO,IE","NO,IE","NO,IE","NO,IE","NO,IE","NO,IE","NO,IE","NO,IE","NO,IE","NO,IE","NO,IE","NO,IE","NO,IE","NO,IE","NO,IE","NO,IE","NO,IE",774.0307627,740.330346,763.6103076,884.5126695,959.5579906,1071.726248,938.7542517,976.814842,1019.283106,1264.458585,1275.369458
Türkiye,"1.A.2.e  Food Processing, Beverages and Tobacco",2892.424612,2893.838477,2326.553778,2127.194484,1564.052674,1676.058868,2223.013959,2176.253492,2625.770698,2013.651855,2130.338225,3960.011888,3891.556985,2684.771297,2329.569653,2108.15935,2000.529228,1377.074395,1365.081212,456.4527478,877.2485562,3364.25952,3514.510774,3590.643875,3309.790798,4341.732203,4943.027379,4902.018862,5046.891467,5156.247357,5838.283562,6298.932297
Türkiye,2.H.1  Pulp and Paper,NA,NA,NA,NA,NA,NA,NA,NA,NA,NA,NA,NA,NA,NA,NA,NA,NA,NA,NA,NA,NA,NA,NA,NA,NA,NA,NA,NA,NA,NA,NA,NA
Türkiye,2.H.2  Food and Beverages Industry,NA,NA,NA,NA,NA,NA,NA,NA,NA,NA,NA,NA,NA,NA,NA,NA,NA,NA,NA,NA,NA,NA,NA,NA,NA,NA,NA,NA,NA,NA,NA,NA
Ukraine,"1.A.2.d  Pulp, Paper and Print",141.3001413,163.6385212,327.5688342,222.7458385,292.4821764,200.7352256,84.97325784,61.41832155,12.22813235,8.982554722,8.810314808,9.908411502,18.33197149,30.49217637,40.11269227,46.1832674,42.91232916,49.65422601,52.1003444,44.45484135,44.56764733,44.81201023,47.55011717,15.12680366,9.076945585,44.09324598,45.27079636,43.79494237,47.96949264,40.64057758,48.39102169,53.23012386
Ukraine,"1.A.2.e  Food Processing, Beverages and Tobacco",3625.331459,3984.315335,4729.305263,4051.501276,3568.127063,2412.406578,2309.113118,1104.194865,1125.851629,948.4530645,900.7612636,911.2521014,896.7456449,898.8004124,855.7318065,824.7728371,886.0813002,759.7639654,685.1934245,611.4267301,576.3266266,665.6978789,630.4671828,523.5714272,518.8945994,427.3610836,493.7228682,505.1525733,580.9102348,519.6072078,526.4100589,579.0510647
Ukraine,2.H.1  Pulp and Paper,NO,NO,NO,NO,NO,NO,NO,NO,NO,NO,NO,NO,NO,NO,NO,NO,NO,NO,NO,NO,NO,NO,NO,NO,NO,NO,NO,NO,NO,NO,NO,NO
Ukraine,2.H.2  Food and Beverages Industry,NO,NO,NO,NO,NO,NO,NO,NO,NO,NO,NO,NO,NO,NO,NO,NO,NO,NO,NO,NO,NO,NO,NO,NO,NO,NO,NO,NO,NO,NO,NO,NO
United Kingdom of Great Britain and Northern Ireland,"1.A.2.d  Pulp, Paper and Print",4678.217859,5199.107838,5509.381176,5251.173777,5344.227766,4579.372565,3942.66243,3414.025754,3142.782858,3462.757648,4297.893172,4223.981473,3939.474378,3836.539571,3462.378137,4300.436338,3926.450099,3701.453215,3329.281539,2788.798866,2675.311633,2561.046211,2529.471613,2709.131859,2639.415317,1520.308512,1500.083733,1441.793149,1417.151163,1411.946181,1302.619961,1301.346974
United Kingdom of Great Britain and Northern Ireland,"1.A.2.e  Food Processing, Beverages and Tobacco",7861.761694,8027.464063,8267.171365,7738.970773,7706.921632,7632.752391,7517.573837,7091.322138,6667.976389,6884.464512,6901.484703,7162.675845,6619.73232,6398.296223,6342.956802,5974.688253,5346.260638,5172.598633,4772.629976,4250.600051,4579.130181,4585.590362,4545.0182,4653.591151,4548.157784,4056.875076,3975.510397,4079.305423,4190.10406,4141.923193,3925.855312,4099.672201
United Kingdom of Great Britain and Northern Ireland,2.H.1  Pulp and Paper,NO,NO,NO,NO,NO,NO,NO,NO,NO,NO,NO,NO,NO,NO,NO,NO,NO,NO,NO,NO,NO,NO,NO,NO,NO,NO,NO,NO,NO,NO,NO,NO
United Kingdom of Great Britain and Northern Ireland,2.H.2  Food and Beverages Industry,NE,NE,NE,NE,NE,NE,NE,NE,NE,NE,NE,NE,NE,NE,NE,NE,NE,NE,NE,NE,NE,NE,NE,NE,NE,NE,NE,NE,NE,NE,NE,NE
United States of America,"1.A.2.d  Pulp, Paper and Print",55314.45213,56312.06237,57143.43225,57936.11708,58792.2102,58086.92391,57297.65395,56619.2402,56039.2521,53907.70239,51458.56215,49117.15509,46792.44662,46075.20442,45415.6634,45094.08408,44396.71946,42276.53276,40242.6405,38325.50099,36151.60109,36553.59646,35442.42391,34107.6563,33635.86027,32990.72936,32219.49835,30063.18636,29959.77197,30126.67001,30190.15585,29644.37377
United States of America,"1.A.2.e  Food Processing, Beverages and Tobacco",41194.85855,42024.04232,42664.95648,43308.61398,43989.2961,43501.61808,42831.74992,42304.91862,41822.60561,43773.7661,45538.65688,47352.58026,49126.70309,47994.82096,46991.13984,46384.604,45301.2681,38672.48314,32133.90059,25696.91857,19000.09128,35428.16597,35583.62396,35796.90097,36512.99493,34959.60165,33801.99883,33980.14353,34610.16802,34451.26695,33671.83157,33847.31057